timeStamp,elapsed,label,responseCode,threadName,success,bytes,grpThreads,allThreads,Latency,SampleCount,ErrorCount,Hostname
1444416129609,1977,1 /,200,Thread Group 1-1,TRUE,929290,1,1,301,0,0,ubuntu
1444416131618,451,63 /scholastic/prod/serverComponent.php,200,Thread Group 1-1,TRUE,577,1,1,451,0,0,ubuntu
1444416132070,9,76 /resource/uploads_upfront/Issues/101215/issue.json,200,Thread Group 1-1,TRUE,1105,1,1,9,0,0,ubuntu
1444416128569,2437,Home,200,Thread Group 1-1,TRUE,930972,1,1,761,0,0,ubuntu
1444416132080,0,179 /issues/vIssue,Non HTTP response code: java.net.URISyntaxException,Thread Group 1-1,FALSE,947,1,1,0,0,0,ubuntu
1444416132082,5,180 /resource/templates/global/dynamic_css.cfm,200,Thread Group 1-1,TRUE,14260,1,1,4,0,0,ubuntu
1444416132088,9,182 /resource/scripts/activityMagazines.cfm,200,Thread Group 1-1,TRUE,32092,1,1,4,0,0,ubuntu
1444416132098,0,185 /scholastic/prod/serverComponent.php,Non HTTP response code: java.net.URISyntaxException,Thread Group 1-1,FALSE,1063,1,1,0,0,0,ubuntu
1444416132107,166,188 /scholastic/prod/perf.rnc,204,Thread Group 1-1,TRUE,193,1,1,0,0,0,ubuntu
1444416132274,166,189 /scholastic/prod/TagAuditBeacon.rnc,204,Thread Group 1-1,TRUE,193,1,1,0,0,0,ubuntu
1444416132080,346,Issues ID,,Thread Group 1-1,FALSE,48748,1,1,8,0,0,ubuntu
1444416132446,1705,155 /Issue-Archive,200,Thread Group 1-1,FALSE,756540,1,1,13,0,0,ubuntu
1444416134152,4,158 /resource/templates/global/dynamic_css.cfm,200,Thread Group 1-1,TRUE,14260,1,1,4,0,0,ubuntu
1444416134157,8,159 /resource/scripts/activityMagazines.cfm,200,Thread Group 1-1,TRUE,32092,1,1,8,0,0,ubuntu
1444416134166,182,165 /scholastic/prod/serverComponent.php,200,Thread Group 1-1,TRUE,577,1,1,182,0,0,ubuntu
1444416134355,16,169 /ajax/IssueArchive.cfc,200,Thread Group 1-1,TRUE,2943,1,1,16,0,0,ubuntu
1444416134394,6,168 /ajax/IssueYear.cfc,200,Thread Group 1-1,TRUE,1835,1,1,6,0,0,ubuntu
1444416132445,1921,Issue,,Thread Group 1-1,FALSE,808247,1,1,229,0,0,ubuntu
1444416134401,797,101 /cmp/upfront/sessions,200,Thread Group 1-1,TRUE,12005,1,1,426,0,0,ubuntu
1444416135200,47,103 /issues/10_12_15,200,Thread Group 1-1,TRUE,9148,1,1,46,0,0,ubuntu
1444416135248,48,104 /resource/templates/global/dynamic_css.cfm,200,Thread Group 1-1,TRUE,14260,1,1,48,0,0,ubuntu
1444416135298,49,105 /resource/scripts/activityMagazines.cfm,200,Thread Group 1-1,TRUE,32092,1,1,46,0,0,ubuntu
1444416135348,223,122 /scholastic/prod/serverComponent.php,200,Thread Group 1-1,TRUE,577,1,1,222,0,0,ubuntu
1444416135571,165,130 /scholastic/prod/perf.rnc,204,Thread Group 1-1,TRUE,193,1,1,0,0,0,ubuntu
1444416135739,170,132 /scholastic/prod/TagAuditBeacon.rnc,204,Thread Group 1-1,TRUE,193,1,1,0,0,0,ubuntu
1444416134400,1499,Send User/Pass,200,Thread Group 1-1,TRUE,68468,1,1,788,0,0,ubuntu
1444416135910,3285,137 /Videos,200,Thread Group 1-1,TRUE,764047,1,1,52,0,0,ubuntu
1444416139196,48,138 /resource/templates/global/dynamic_css.cfm,200,Thread Group 1-1,TRUE,14260,1,1,48,0,0,ubuntu
1444416139245,49,139 /resource/scripts/activityMagazines.cfm,200,Thread Group 1-1,TRUE,32092,1,1,47,0,0,ubuntu
1444416139296,183,142 /scholastic/prod/serverComponent.php,200,Thread Group 1-1,TRUE,577,1,1,183,0,0,ubuntu
1444416139480,50,144 /ajax/videoArchive.cfc,200,Thread Group 1-1,TRUE,2048,1,1,50,0,0,ubuntu
1444416135910,3615,Videos,200,Thread Group 1-1,TRUE,813024,1,1,380,0,0,ubuntu
1444416139531,55,193 /issues/vIssue/Printables,200,Thread Group 1-1,TRUE,8793,1,1,55,0,0,ubuntu
1444416139587,49,194 /resource/templates/global/dynamic_css.cfm,200,Thread Group 1-1,TRUE,14260,1,1,48,0,0,ubuntu
1444416139637,48,195 /resource/scripts/activityMagazines.cfm,200,Thread Group 1-1,TRUE,32092,1,1,46,0,0,ubuntu
1444416139692,639,203 /resource/services/coverthumb.cfm,200,Thread Group 1-1,TRUE,49521,1,1,298,0,0,ubuntu
1444416140332,181,212 /scholastic/prod/serverComponent.php,200,Thread Group 1-1,TRUE,577,1,1,181,0,0,ubuntu
1444416139530,972,Issue ID Printables,200,Thread Group 1-1,TRUE,105243,1,1,628,0,0,ubuntu
1444416140514,147,215 /resource/issues/099611DB-B084-5019-479181C73FD80744/printables-20150928141802.pdf,200,Thread Group 1-1,TRUE,1426230,1,1,16,0,0,ubuntu
1444416140514,147,215 /resource/issues/099611DB-B084-5019-479181C73FD80744/printables-20150928141802.pdf,200,Thread Group 1-1,TRUE,1426230,1,1,16,0,0,ubuntu
1444416140662,48,220 /Videos,200,Thread Group 1-1,TRUE,8462,1,1,47,0,0,ubuntu
1444416140719,48,221 /resource/templates/global/dynamic_css.cfm,200,Thread Group 1-1,TRUE,14260,1,1,47,0,0,ubuntu
1444416140768,52,222 /resource/scripts/activityMagazines.cfm,200,Thread Group 1-1,TRUE,32092,1,1,50,0,0,ubuntu
1444416140821,49,227 /ajax/videoArchive.cfc,200,Thread Group 1-1,TRUE,2048,1,1,48,0,0,ubuntu
1444416140870,181,225 /scholastic/prod/serverComponent.php,200,Thread Group 1-1,TRUE,577,1,1,181,0,0,ubuntu
1444416140661,378,220 /Videos,200,Thread Group 1-1,TRUE,57439,1,1,373,0,0,ubuntu
1444416141066,324,232 /tracker,200,Thread Group 1-1,TRUE,181,1,1,324,0,0,ubuntu
1444416141391,221,233 /tracker,200,Thread Group 1-1,TRUE,181,1,1,221,0,0,ubuntu
1444416141613,87,234 /tracker,200,Thread Group 1-1,TRUE,181,1,1,87,0,0,ubuntu
1444416141052,632,Video ID,200,Thread Group 1-1,TRUE,543,1,1,632,0,0,ubuntu
1444416141708,712,392 /b/ss/schopreprodmain/0/FAS-2.8.1-AS2/s84209887348115,200,Thread Group 1-1,TRUE,2259,1,1,456,0,0,ubuntu
1444416142429,720,393 /issues/10_12_15/Debate,200,Thread Group 1-1,TRUE,11533,1,1,718,0,0,ubuntu
1444416143152,11,400 /resource/templates/global/dynamic_css.cfm,200,Thread Group 1-1,TRUE,14260,1,1,11,0,0,ubuntu
1444416143165,51,415 /resource/scripts/activityMagazines.cfm,200,Thread Group 1-1,TRUE,32092,1,1,48,0,0,ubuntu
1444416143217,185,426 /scholastic/prod/serverComponent.php,200,Thread Group 1-1,TRUE,577,1,1,185,0,0,ubuntu
1444416141701,1679,Debate,200,Thread Group 1-1,TRUE,60721,1,1,1418,0,0,ubuntu
1444416143403,46,439 /,200,Thread Group 1-1,TRUE,13115,1,1,46,0,0,ubuntu
1444416143453,47,440 /resource/templates/global/dynamic_css.cfm,200,Thread Group 1-1,TRUE,14260,1,1,47,0,0,ubuntu
1444416143501,48,441 /resource/scripts/activityMagazines.cfm,200,Thread Group 1-1,TRUE,32092,1,1,45,0,0,ubuntu
1444416143551,46,448 /resource/uploads_upfront/Issues/101215/issue.json,200,Thread Group 1-1,TRUE,1105,1,1,46,0,0,ubuntu
1444416143598,186,446 /scholastic/prod/serverComponent.php,200,Thread Group 1-1,TRUE,577,1,1,186,0,0,ubuntu
1444416143402,373,Sign Out,200,Thread Group 1-1,TRUE,61149,1,1,370,0,0,ubuntu
1444416143785,886,1 /,200,Thread Group 1-1,TRUE,929290,1,1,6,0,0,ubuntu
1444416144674,195,63 /scholastic/prod/serverComponent.php,200,Thread Group 1-1,TRUE,577,1,1,195,0,0,ubuntu
1444416144869,5,76 /resource/uploads_upfront/Issues/101215/issue.json,200,Thread Group 1-1,TRUE,1105,1,1,5,0,0,ubuntu
1444416143785,1086,Home,200,Thread Group 1-1,TRUE,930972,1,1,206,0,0,ubuntu
1444416144885,12,179 /issues/vIssue,200,Thread Group 1-1,TRUE,9159,1,1,12,0,0,ubuntu
1444416144904,6,180 /resource/templates/global/dynamic_css.cfm,200,Thread Group 1-1,TRUE,14260,1,1,6,0,0,ubuntu
1444416144911,13,182 /resource/scripts/activityMagazines.cfm,200,Thread Group 1-1,TRUE,32092,1,1,4,0,0,ubuntu
1444416144924,191,185 /scholastic/prod/serverComponent.php,200,Thread Group 1-1,TRUE,577,1,1,190,0,0,ubuntu
1444416145115,167,188 /scholastic/prod/perf.rnc,204,Thread Group 1-1,TRUE,193,1,1,0,0,0,ubuntu
1444416145282,166,189 /scholastic/prod/TagAuditBeacon.rnc,204,Thread Group 1-1,TRUE,193,1,1,0,0,0,ubuntu
1444416144875,555,Issues ID,200,Thread Group 1-1,TRUE,56474,1,1,212,0,0,ubuntu
1444416145449,1236,155 /Issue-Archive,200,Thread Group 1-1,FALSE,756540,1,1,3,0,0,ubuntu
1444416146685,5,158 /resource/templates/global/dynamic_css.cfm,200,Thread Group 1-1,TRUE,14260,1,1,5,0,0,ubuntu
1444416146691,7,159 /resource/scripts/activityMagazines.cfm,200,Thread Group 1-1,TRUE,32092,1,1,4,0,0,ubuntu
1444416146698,183,165 /scholastic/prod/serverComponent.php,200,Thread Group 1-1,TRUE,577,1,1,183,0,0,ubuntu
1444416146882,6,169 /ajax/IssueArchive.cfc,200,Thread Group 1-1,TRUE,2943,1,1,6,0,0,ubuntu
1444416146889,5,168 /ajax/IssueYear.cfc,200,Thread Group 1-1,TRUE,1835,1,1,5,0,0,ubuntu
1444416145448,1442,Issue,,Thread Group 1-1,FALSE,808247,1,1,206,0,0,ubuntu
1444416146895,4649,101 /cmp/upfront/sessions,200,Thread Group 1-1,TRUE,12005,1,1,4248,0,0,ubuntu
1444416151551,48,103 /issues/10_12_15,200,Thread Group 1-1,TRUE,9148,1,1,47,0,0,ubuntu
1444416151599,48,104 /resource/templates/global/dynamic_css.cfm,200,Thread Group 1-1,TRUE,14260,1,1,47,0,0,ubuntu
1444416151648,50,105 /resource/scripts/activityMagazines.cfm,200,Thread Group 1-1,TRUE,32092,1,1,47,0,0,ubuntu
1444416151698,211,122 /scholastic/prod/serverComponent.php,200,Thread Group 1-1,TRUE,596,1,1,210,0,0,ubuntu
1444416151909,165,130 /scholastic/prod/perf.rnc,204,Thread Group 1-1,TRUE,193,1,1,0,0,0,ubuntu
1444416152076,180,132 /scholastic/prod/TagAuditBeacon.rnc,204,Thread Group 1-1,TRUE,193,1,1,0,0,0,ubuntu
1444416146894,5351,Send User/Pass,200,Thread Group 1-1,TRUE,68487,1,1,4599,0,0,ubuntu
1444416152257,3287,137 /Videos,200,Thread Group 1-1,TRUE,764047,1,1,47,0,0,ubuntu
1444416155546,49,138 /resource/templates/global/dynamic_css.cfm,200,Thread Group 1-1,TRUE,14260,1,1,49,0,0,ubuntu
1444416155598,55,139 /resource/scripts/activityMagazines.cfm,200,Thread Group 1-1,TRUE,32092,1,1,52,0,0,ubuntu
1444416155654,189,142 /scholastic/prod/serverComponent.php,200,Thread Group 1-1,TRUE,577,1,1,189,0,0,ubuntu
1444416155844,47,144 /ajax/videoArchive.cfc,200,Thread Group 1-1,TRUE,2048,1,1,47,0,0,ubuntu
1444416152256,3627,Videos,200,Thread Group 1-1,TRUE,813024,1,1,384,0,0,ubuntu
1444416155892,799,193 /issues/vIssue/Printables,200,Thread Group 1-1,TRUE,10495,1,1,796,0,0,ubuntu
1444416156692,7,194 /resource/templates/global/dynamic_css.cfm,200,Thread Group 1-1,TRUE,14260,1,1,7,0,0,ubuntu
1444416156700,49,195 /resource/scripts/activityMagazines.cfm,200,Thread Group 1-1,TRUE,32092,1,1,47,0,0,ubuntu
1444416156750,445,203 /resource/services/coverthumb.cfm,200,Thread Group 1-1,TRUE,47143,1,1,306,0,0,ubuntu
1444416157196,187,212 /scholastic/prod/serverComponent.php,200,Thread Group 1-1,TRUE,577,1,1,187,0,0,ubuntu
1444416155892,1487,Issue ID Printables,200,Thread Group 1-1,TRUE,104567,1,1,1343,0,0,ubuntu
1444416157384,136,215 /resource/issues/099611DB-B084-5019-479181C73FD80744/printables-20150928141802.pdf,200,Thread Group 1-1,TRUE,1426230,1,1,9,0,0,ubuntu
1444416157383,136,215 /resource/issues/099611DB-B084-5019-479181C73FD80744/printables-20150928141802.pdf,200,Thread Group 1-1,TRUE,1426230,1,1,9,0,0,ubuntu
1444416157521,47,220 /Videos,200,Thread Group 1-1,TRUE,8462,1,1,46,0,0,ubuntu
1444416157569,45,221 /resource/templates/global/dynamic_css.cfm,200,Thread Group 1-1,TRUE,14260,1,1,44,0,0,ubuntu
1444416157616,48,222 /resource/scripts/activityMagazines.cfm,200,Thread Group 1-1,TRUE,32092,1,1,47,0,0,ubuntu
1444416157665,47,227 /ajax/videoArchive.cfc,200,Thread Group 1-1,TRUE,2048,1,1,47,0,0,ubuntu
1444416157713,181,225 /scholastic/prod/serverComponent.php,200,Thread Group 1-1,TRUE,577,1,1,181,0,0,ubuntu
1444416157521,368,220 /Videos,200,Thread Group 1-1,TRUE,57439,1,1,365,0,0,ubuntu
1444416157901,86,232 /tracker,200,Thread Group 1-1,TRUE,181,1,1,86,0,0,ubuntu
1444416157988,512,233 /tracker,200,Thread Group 1-1,TRUE,181,1,1,512,0,0,ubuntu
1444416158502,985,234 /tracker,200,Thread Group 1-1,TRUE,181,1,1,985,0,0,ubuntu
1444416157895,1583,Video ID,200,Thread Group 1-1,TRUE,543,1,1,1583,0,0,ubuntu
1444416159488,650,392 /b/ss/schopreprodmain/0/FAS-2.8.1-AS2/s84209887348115,200,Thread Group 1-1,TRUE,2260,1,1,402,0,0,ubuntu
1444416160141,769,393 /issues/10_12_15/Debate,200,Thread Group 1-1,TRUE,11533,1,1,768,0,0,ubuntu
1444416160913,8,400 /resource/templates/global/dynamic_css.cfm,200,Thread Group 1-1,TRUE,14260,1,1,6,0,0,ubuntu
1444416160923,50,415 /resource/scripts/activityMagazines.cfm,200,Thread Group 1-1,TRUE,32092,1,1,47,0,0,ubuntu
1444416160974,190,426 /scholastic/prod/serverComponent.php,200,Thread Group 1-1,TRUE,577,1,1,190,0,0,ubuntu
1444416159488,1667,Debate,200,Thread Group 1-1,TRUE,60722,1,1,1413,0,0,ubuntu
1444416161165,50,439 /,200,Thread Group 1-1,TRUE,13115,1,1,49,0,0,ubuntu
1444416161218,58,440 /resource/templates/global/dynamic_css.cfm,200,Thread Group 1-1,TRUE,14260,1,1,57,0,0,ubuntu
1444416161277,51,441 /resource/scripts/activityMagazines.cfm,200,Thread Group 1-1,TRUE,32092,1,1,47,0,0,ubuntu
1444416161329,45,448 /resource/uploads_upfront/Issues/101215/issue.json,200,Thread Group 1-1,TRUE,1105,1,1,45,0,0,ubuntu
1444416161376,165,446 /scholastic/prod/serverComponent.php,200,Thread Group 1-1,TRUE,577,1,1,165,0,0,ubuntu
1444416161165,369,Sign Out,200,Thread Group 1-1,TRUE,61149,1,1,363,0,0,ubuntu
1444416161542,905,1 /,200,Thread Group 1-1,TRUE,929290,1,1,5,0,0,ubuntu
1444416162451,182,63 /scholastic/prod/serverComponent.php,200,Thread Group 1-1,TRUE,577,1,1,182,0,0,ubuntu
1444416162634,5,76 /resource/uploads_upfront/Issues/101215/issue.json,200,Thread Group 1-1,TRUE,1105,1,1,5,0,0,ubuntu
1444416161542,1092,Home,200,Thread Group 1-1,TRUE,930972,1,1,192,0,0,ubuntu
1444416162640,5,179 /issues/vIssue,200,Thread Group 1-1,TRUE,9148,1,1,4,0,0,ubuntu
1444416162645,6,180 /resource/templates/global/dynamic_css.cfm,200,Thread Group 1-1,TRUE,14260,1,1,6,0,0,ubuntu
1444416162651,9,182 /resource/scripts/activityMagazines.cfm,200,Thread Group 1-1,TRUE,32092,1,1,4,0,0,ubuntu
1444416162661,196,185 /scholastic/prod/serverComponent.php,200,Thread Group 1-1,TRUE,577,1,1,196,0,0,ubuntu
1444416162858,166,188 /scholastic/prod/perf.rnc,204,Thread Group 1-1,TRUE,193,1,1,0,0,0,ubuntu
1444416163024,167,189 /scholastic/prod/TagAuditBeacon.rnc,204,Thread Group 1-1,TRUE,193,1,1,0,0,0,ubuntu
1444416162639,549,Issues ID,200,Thread Group 1-1,TRUE,56463,1,1,210,0,0,ubuntu
1444416163192,1777,155 /Issue-Archive,200,Thread Group 1-1,FALSE,756540,1,1,5,0,0,ubuntu
1444416164969,6,158 /resource/templates/global/dynamic_css.cfm,200,Thread Group 1-1,TRUE,14260,1,1,6,0,0,ubuntu
1444416164976,6,159 /resource/scripts/activityMagazines.cfm,200,Thread Group 1-1,TRUE,32092,1,1,4,0,0,ubuntu
1444416164982,182,165 /scholastic/prod/serverComponent.php,200,Thread Group 1-1,TRUE,577,1,1,182,0,0,ubuntu
1444416165165,120,169 /ajax/IssueArchive.cfc,200,Thread Group 1-1,TRUE,2943,1,1,5,0,0,ubuntu
1444416165286,100,168 /ajax/IssueYear.cfc,200,Thread Group 1-1,TRUE,1835,1,1,100,0,0,ubuntu
1444416163192,2191,Issue,,Thread Group 1-1,FALSE,808247,1,1,302,0,0,ubuntu
1444416165387,826,101 /cmp/upfront/sessions,200,Thread Group 1-1,TRUE,12005,1,1,423,0,0,ubuntu
1444416166215,51,103 /issues/10_12_15,200,Thread Group 1-1,TRUE,9148,1,1,49,0,0,ubuntu
1444416166267,49,104 /resource/templates/global/dynamic_css.cfm,200,Thread Group 1-1,TRUE,14260,1,1,49,0,0,ubuntu
1444416166318,51,105 /resource/scripts/activityMagazines.cfm,200,Thread Group 1-1,TRUE,32092,1,1,47,0,0,ubuntu
1444416166369,201,122 /scholastic/prod/serverComponent.php,200,Thread Group 1-1,TRUE,577,1,1,201,0,0,ubuntu
1444416166570,171,130 /scholastic/prod/perf.rnc,204,Thread Group 1-1,TRUE,193,1,1,0,0,0,ubuntu
1444416166742,184,132 /scholastic/prod/TagAuditBeacon.rnc,204,Thread Group 1-1,TRUE,193,1,1,0,0,0,ubuntu
1444416165387,1533,Send User/Pass,200,Thread Group 1-1,TRUE,68468,1,1,769,0,0,ubuntu
1444416166928,3957,137 /Videos,200,Thread Group 1-1,TRUE,764047,1,1,46,0,0,ubuntu
1444416170886,46,138 /resource/templates/global/dynamic_css.cfm,200,Thread Group 1-1,TRUE,14260,1,1,45,0,0,ubuntu
1444416170932,50,139 /resource/scripts/activityMagazines.cfm,200,Thread Group 1-1,TRUE,32092,1,1,49,0,0,ubuntu
1444416170983,178,142 /scholastic/prod/serverComponent.php,200,Thread Group 1-1,TRUE,596,1,1,178,0,0,ubuntu
1444416171162,47,144 /ajax/videoArchive.cfc,200,Thread Group 1-1,TRUE,2048,1,1,47,0,0,ubuntu
1444416166928,4278,Videos,200,Thread Group 1-1,TRUE,813043,1,1,365,0,0,ubuntu
1444416171210,59,193 /issues/vIssue/Printables,200,Thread Group 1-1,TRUE,10770,1,1,58,0,0,ubuntu
1444416171270,46,194 /resource/templates/global/dynamic_css.cfm,200,Thread Group 1-1,TRUE,14260,1,1,46,0,0,ubuntu
1444416171317,48,195 /resource/scripts/activityMagazines.cfm,200,Thread Group 1-1,TRUE,32092,1,1,46,0,0,ubuntu
1444416171366,511,203 /resource/services/coverthumb.cfm,200,Thread Group 1-1,TRUE,80433,1,1,263,0,0,ubuntu
1444416171879,186,212 /scholastic/prod/serverComponent.php,200,Thread Group 1-1,TRUE,577,1,1,186,0,0,ubuntu
1444416171210,850,Issue ID Printables,200,Thread Group 1-1,TRUE,138132,1,1,599,0,0,ubuntu
1444416172066,153,215 /resource/issues/099611DB-B084-5019-479181C73FD80744/printables-20150928141802.pdf,200,Thread Group 1-1,TRUE,1426230,1,1,7,0,0,ubuntu
1444416172065,153,215 /resource/issues/099611DB-B084-5019-479181C73FD80744/printables-20150928141802.pdf,200,Thread Group 1-1,TRUE,1426230,1,1,7,0,0,ubuntu
1444416172222,49,220 /Videos,200,Thread Group 1-1,TRUE,8462,1,1,47,0,0,ubuntu
1444416172275,48,221 /resource/templates/global/dynamic_css.cfm,200,Thread Group 1-1,TRUE,14260,1,1,47,0,0,ubuntu
1444416172323,50,222 /resource/scripts/activityMagazines.cfm,200,Thread Group 1-1,TRUE,32092,1,1,46,0,0,ubuntu
1444416172374,48,227 /ajax/videoArchive.cfc,200,Thread Group 1-1,TRUE,2048,1,1,48,0,0,ubuntu
1444416172423,191,225 /scholastic/prod/serverComponent.php,200,Thread Group 1-1,TRUE,596,1,1,191,0,0,ubuntu
1444416172221,386,220 /Videos,200,Thread Group 1-1,TRUE,57458,1,1,379,0,0,ubuntu
1444416172615,86,232 /tracker,200,Thread Group 1-1,TRUE,181,1,1,86,0,0,ubuntu
1444416172702,208,233 /tracker,200,Thread Group 1-1,TRUE,181,1,1,208,0,0,ubuntu
1444416172912,86,234 /tracker,200,Thread Group 1-1,TRUE,181,1,1,86,0,0,ubuntu
1444416172614,380,Video ID,200,Thread Group 1-1,TRUE,543,1,1,380,0,0,ubuntu
1444416172999,1,392 /b/ss/schopreprodmain/0/FAS-2.8.1-AS2/s84209887348115,Non HTTP response code: org.apache.http.NoHttpResponseException,Thread Group 1-1,FALSE,2068,1,1,0,0,0,ubuntu
1444416173000,738,393 /issues/10_12_15/Debate,200,Thread Group 1-1,TRUE,11533,1,1,738,0,0,ubuntu
1444416173742,7,400 /resource/templates/global/dynamic_css.cfm,200,Thread Group 1-1,TRUE,14260,1,1,6,0,0,ubuntu
1444416173750,47,415 /resource/scripts/activityMagazines.cfm,200,Thread Group 1-1,TRUE,32092,1,1,45,0,0,ubuntu
1444416173798,203,426 /scholastic/prod/serverComponent.php,200,Thread Group 1-1,TRUE,596,1,1,203,0,0,ubuntu
1444416172998,996,Debate,,Thread Group 1-1,FALSE,60549,1,1,992,0,0,ubuntu
1444416174002,45,439 /,200,Thread Group 1-1,TRUE,13115,1,1,44,0,0,ubuntu
1444416174048,47,440 /resource/templates/global/dynamic_css.cfm,200,Thread Group 1-1,TRUE,14260,1,1,47,0,0,ubuntu
1444416174096,49,441 /resource/scripts/activityMagazines.cfm,200,Thread Group 1-1,TRUE,32092,1,1,46,0,0,ubuntu
1444416174146,47,448 /resource/uploads_upfront/Issues/101215/issue.json,200,Thread Group 1-1,TRUE,1105,1,1,47,0,0,ubuntu
1444416174193,182,446 /scholastic/prod/serverComponent.php,200,Thread Group 1-1,TRUE,577,1,1,182,0,0,ubuntu
1444416174001,370,Sign Out,200,Thread Group 1-1,TRUE,61149,1,1,366,0,0,ubuntu
1444416174376,790,1 /,200,Thread Group 1-1,TRUE,929290,1,1,5,0,0,ubuntu
1444416175169,184,63 /scholastic/prod/serverComponent.php,200,Thread Group 1-1,TRUE,577,1,1,184,0,0,ubuntu
1444416175356,7,76 /resource/uploads_upfront/Issues/101215/issue.json,200,Thread Group 1-1,TRUE,1105,1,1,7,0,0,ubuntu
1444416174376,981,Home,200,Thread Group 1-1,TRUE,930972,1,1,196,0,0,ubuntu
1444416175364,705,179 /issues/vIssue,200,Thread Group 1-1,TRUE,9179,1,1,705,0,0,ubuntu
1444416176070,7,180 /resource/templates/global/dynamic_css.cfm,200,Thread Group 1-1,TRUE,14260,1,1,6,0,0,ubuntu
1444416176077,8,182 /resource/scripts/activityMagazines.cfm,200,Thread Group 1-1,TRUE,32092,1,1,5,0,0,ubuntu
1444416176085,181,185 /scholastic/prod/serverComponent.php,200,Thread Group 1-1,TRUE,577,1,1,181,0,0,ubuntu
1444416176267,220,188 /scholastic/prod/perf.rnc,204,Thread Group 1-1,TRUE,193,1,1,0,0,0,ubuntu
1444416176488,164,189 /scholastic/prod/TagAuditBeacon.rnc,204,Thread Group 1-1,TRUE,193,1,1,0,0,0,ubuntu
1444416175363,1285,Issues ID,200,Thread Group 1-1,TRUE,56494,1,1,897,0,0,ubuntu
1444416176653,1479,155 /Issue-Archive,200,Thread Group 1-1,FALSE,756540,1,1,4,0,0,ubuntu
1444416178133,6,158 /resource/templates/global/dynamic_css.cfm,200,Thread Group 1-1,TRUE,14260,1,1,4,0,0,ubuntu
1444416178139,11,159 /resource/scripts/activityMagazines.cfm,200,Thread Group 1-1,TRUE,32092,1,1,8,0,0,ubuntu
1444416178150,184,165 /scholastic/prod/serverComponent.php,200,Thread Group 1-1,TRUE,577,1,1,184,0,0,ubuntu
1444416178335,4,169 /ajax/IssueArchive.cfc,200,Thread Group 1-1,TRUE,2943,1,1,4,0,0,ubuntu
1444416178340,4,168 /ajax/IssueYear.cfc,200,Thread Group 1-1,TRUE,1835,1,1,4,0,0,ubuntu
1444416176652,1688,Issue,,Thread Group 1-1,FALSE,808247,1,1,208,0,0,ubuntu
1444416178344,1039,101 /cmp/upfront/sessions,200,Thread Group 1-1,TRUE,12005,1,1,445,0,0,ubuntu
1444416179383,46,103 /issues/10_12_15,200,Thread Group 1-1,TRUE,9148,1,1,46,0,0,ubuntu
1444416179430,45,104 /resource/templates/global/dynamic_css.cfm,200,Thread Group 1-1,TRUE,14260,1,1,45,0,0,ubuntu
1444416179476,50,105 /resource/scripts/activityMagazines.cfm,200,Thread Group 1-1,TRUE,32092,1,1,47,0,0,ubuntu
1444416179527,184,122 /scholastic/prod/serverComponent.php,200,Thread Group 1-1,TRUE,577,1,1,184,0,0,ubuntu
1444416179712,164,130 /scholastic/prod/perf.rnc,204,Thread Group 1-1,TRUE,193,1,1,0,0,0,ubuntu
1444416179877,170,132 /scholastic/prod/TagAuditBeacon.rnc,204,Thread Group 1-1,TRUE,193,1,1,0,0,0,ubuntu
1444416178344,1698,Send User/Pass,200,Thread Group 1-1,TRUE,68468,1,1,767,0,0,ubuntu
1444416180048,3279,137 /Videos,200,Thread Group 1-1,TRUE,764047,1,1,47,0,0,ubuntu
1444416183328,47,138 /resource/templates/global/dynamic_css.cfm,200,Thread Group 1-1,TRUE,14260,1,1,46,0,0,ubuntu
1444416183375,48,139 /resource/scripts/activityMagazines.cfm,200,Thread Group 1-1,TRUE,32092,1,1,45,0,0,ubuntu
1444416183424,209,142 /scholastic/prod/serverComponent.php,200,Thread Group 1-1,TRUE,596,1,1,209,0,0,ubuntu
1444416183634,46,144 /ajax/videoArchive.cfc,200,Thread Group 1-1,TRUE,2048,1,1,46,0,0,ubuntu
1444416180048,3629,Videos,200,Thread Group 1-1,TRUE,813043,1,1,393,0,0,ubuntu
1444416183681,58,193 /issues/vIssue/Printables,200,Thread Group 1-1,TRUE,8611,1,1,57,0,0,ubuntu
1444416183740,47,194 /resource/templates/global/dynamic_css.cfm,200,Thread Group 1-1,TRUE,14260,1,1,46,0,0,ubuntu
1444416183788,192,195 /resource/scripts/activityMagazines.cfm,200,Thread Group 1-1,TRUE,32092,1,1,124,0,0,ubuntu
1444416183981,603,203 /resource/services/coverthumb.cfm,200,Thread Group 1-1,TRUE,67512,1,1,412,0,0,ubuntu
1444416184585,226,212 /scholastic/prod/serverComponent.php,200,Thread Group 1-1,TRUE,596,1,1,226,0,0,ubuntu
1444416183680,1126,Issue ID Printables,200,Thread Group 1-1,TRUE,123071,1,1,865,0,0,ubuntu
1444416184812,167,215 /resource/issues/099611DB-B084-5019-479181C73FD80744/printables-20150928141802.pdf,200,Thread Group 1-1,TRUE,1426230,1,1,7,0,0,ubuntu
1444416184811,167,215 /resource/issues/099611DB-B084-5019-479181C73FD80744/printables-20150928141802.pdf,200,Thread Group 1-1,TRUE,1426230,1,1,7,0,0,ubuntu
1444416184979,47,220 /Videos,200,Thread Group 1-1,TRUE,8462,1,1,47,0,0,ubuntu
1444416185027,49,221 /resource/templates/global/dynamic_css.cfm,200,Thread Group 1-1,TRUE,14260,1,1,48,0,0,ubuntu
1444416185077,49,222 /resource/scripts/activityMagazines.cfm,200,Thread Group 1-1,TRUE,32092,1,1,47,0,0,ubuntu
1444416185127,46,227 /ajax/videoArchive.cfc,200,Thread Group 1-1,TRUE,2048,1,1,46,0,0,ubuntu
1444416185174,166,225 /scholastic/prod/serverComponent.php,200,Thread Group 1-1,TRUE,577,1,1,166,0,0,ubuntu
1444416184979,357,220 /Videos,200,Thread Group 1-1,TRUE,57439,1,1,354,0,0,ubuntu
1444416185340,86,232 /tracker,200,Thread Group 1-1,TRUE,181,1,1,86,0,0,ubuntu
1444416185427,206,233 /tracker,200,Thread Group 1-1,TRUE,181,1,1,206,0,0,ubuntu
1444416185634,86,234 /tracker,200,Thread Group 1-1,TRUE,181,1,1,86,0,0,ubuntu
1444416185340,378,Video ID,200,Thread Group 1-1,TRUE,543,1,1,378,0,0,ubuntu
1444416185721,755,392 /b/ss/schopreprodmain/0/FAS-2.8.1-AS2/s84209887348115,200,Thread Group 1-1,TRUE,2258,1,1,500,0,0,ubuntu
1444416186477,715,393 /issues/10_12_15/Debate,200,Thread Group 1-1,TRUE,11533,1,1,713,0,0,ubuntu
1444416187200,7,400 /resource/templates/global/dynamic_css.cfm,200,Thread Group 1-1,TRUE,14260,1,1,6,0,0,ubuntu
1444416187207,51,415 /resource/scripts/activityMagazines.cfm,200,Thread Group 1-1,TRUE,32092,1,1,47,0,0,ubuntu
1444416187259,190,426 /scholastic/prod/serverComponent.php,200,Thread Group 1-1,TRUE,577,1,1,190,0,0,ubuntu
1444416185720,1718,Debate,200,Thread Group 1-1,TRUE,60720,1,1,1456,0,0,ubuntu
1444416187450,49,439 /,200,Thread Group 1-1,TRUE,13115,1,1,46,0,0,ubuntu
1444416187500,46,440 /resource/templates/global/dynamic_css.cfm,200,Thread Group 1-1,TRUE,14260,1,1,46,0,0,ubuntu
1444416187548,48,441 /resource/scripts/activityMagazines.cfm,200,Thread Group 1-1,TRUE,32092,1,1,46,0,0,ubuntu
1444416187597,44,448 /resource/uploads_upfront/Issues/101215/issue.json,200,Thread Group 1-1,TRUE,1105,1,1,44,0,0,ubuntu
1444416187643,191,446 /scholastic/prod/serverComponent.php,200,Thread Group 1-1,TRUE,577,1,1,191,0,0,ubuntu
1444416187450,378,Sign Out,200,Thread Group 1-1,TRUE,61149,1,1,373,0,0,ubuntu
1444416187835,817,1 /,200,Thread Group 1-1,TRUE,929290,1,1,7,0,0,ubuntu
1444416188666,176,63 /scholastic/prod/serverComponent.php,200,Thread Group 1-1,TRUE,596,1,1,176,0,0,ubuntu
1444416188843,4,76 /resource/uploads_upfront/Issues/101215/issue.json,200,Thread Group 1-1,TRUE,1105,1,1,4,0,0,ubuntu
1444416187835,997,Home,200,Thread Group 1-1,TRUE,930991,1,1,187,0,0,ubuntu
1444416188847,15,179 /issues/vIssue,200,Thread Group 1-1,TRUE,9159,1,1,15,0,0,ubuntu
1444416188863,6,180 /resource/templates/global/dynamic_css.cfm,200,Thread Group 1-1,TRUE,14260,1,1,5,0,0,ubuntu
1444416188870,7,182 /resource/scripts/activityMagazines.cfm,200,Thread Group 1-1,TRUE,32092,1,1,6,0,0,ubuntu
1444416188878,180,185 /scholastic/prod/serverComponent.php,200,Thread Group 1-1,TRUE,577,1,1,180,0,0,ubuntu
1444416189060,173,188 /scholastic/prod/perf.rnc,204,Thread Group 1-1,TRUE,193,1,1,0,0,0,ubuntu
1444416189234,176,189 /scholastic/prod/TagAuditBeacon.rnc,204,Thread Group 1-1,TRUE,193,1,1,0,0,0,ubuntu
1444416188847,557,Issues ID,200,Thread Group 1-1,TRUE,56474,1,1,206,0,0,ubuntu
1444416189410,2029,155 /Issue-Archive,200,Thread Group 1-1,FALSE,756540,1,1,5,0,0,ubuntu
1444416191439,6,158 /resource/templates/global/dynamic_css.cfm,200,Thread Group 1-1,TRUE,14260,1,1,5,0,0,ubuntu
1444416191445,8,159 /resource/scripts/activityMagazines.cfm,200,Thread Group 1-1,TRUE,32092,1,1,4,0,0,ubuntu
1444416191454,166,165 /scholastic/prod/serverComponent.php,200,Thread Group 1-1,TRUE,577,1,1,166,0,0,ubuntu
1444416191621,5,169 /ajax/IssueArchive.cfc,200,Thread Group 1-1,TRUE,2943,1,1,5,0,0,ubuntu
1444416191627,4,168 /ajax/IssueYear.cfc,200,Thread Group 1-1,TRUE,1835,1,1,4,0,0,ubuntu
1444416189410,2218,Issue,,Thread Group 1-1,FALSE,808247,1,1,189,0,0,ubuntu
1444416191631,1055,101 /cmp/upfront/sessions,200,Thread Group 1-1,TRUE,12005,1,1,420,0,0,ubuntu
1444416192686,46,103 /issues/10_12_15,200,Thread Group 1-1,TRUE,9148,1,1,45,0,0,ubuntu
1444416192733,47,104 /resource/templates/global/dynamic_css.cfm,200,Thread Group 1-1,TRUE,14260,1,1,46,0,0,ubuntu
1444416192781,47,105 /resource/scripts/activityMagazines.cfm,200,Thread Group 1-1,TRUE,32092,1,1,45,0,0,ubuntu
1444416192829,190,122 /scholastic/prod/serverComponent.php,200,Thread Group 1-1,TRUE,596,1,1,190,0,0,ubuntu
1444416193020,164,130 /scholastic/prod/perf.rnc,204,Thread Group 1-1,TRUE,193,1,1,0,0,0,ubuntu
1444416193185,165,132 /scholastic/prod/TagAuditBeacon.rnc,204,Thread Group 1-1,TRUE,193,1,1,0,0,0,ubuntu
1444416191631,1714,Send User/Pass,200,Thread Group 1-1,TRUE,68487,1,1,746,0,0,ubuntu
1444416193351,3715,137 /Videos,200,Thread Group 1-1,TRUE,764047,1,1,46,0,0,ubuntu
1444416197066,46,138 /resource/templates/global/dynamic_css.cfm,200,Thread Group 1-1,TRUE,14260,1,1,46,0,0,ubuntu
1444416197113,60,139 /resource/scripts/activityMagazines.cfm,200,Thread Group 1-1,TRUE,32092,1,1,56,0,0,ubuntu
1444416197174,177,142 /scholastic/prod/serverComponent.php,200,Thread Group 1-1,TRUE,577,1,1,177,0,0,ubuntu
1444416197352,45,144 /ajax/videoArchive.cfc,200,Thread Group 1-1,TRUE,2048,1,1,45,0,0,ubuntu
1444416193350,4043,Videos,200,Thread Group 1-1,TRUE,813024,1,1,370,0,0,ubuntu
1444416197399,52,193 /issues/vIssue/Printables,200,Thread Group 1-1,TRUE,10940,1,1,51,0,0,ubuntu
1444416197451,49,194 /resource/templates/global/dynamic_css.cfm,200,Thread Group 1-1,TRUE,14260,1,1,48,0,0,ubuntu
1444416197500,49,195 /resource/scripts/activityMagazines.cfm,200,Thread Group 1-1,TRUE,32092,1,1,46,0,0,ubuntu
1444416197549,809,203 /resource/services/coverthumb.cfm,200,Thread Group 1-1,TRUE,60481,1,1,373,0,0,ubuntu
1444416198360,180,212 /scholastic/prod/serverComponent.php,200,Thread Group 1-1,TRUE,577,1,1,180,0,0,ubuntu
1444416197398,1139,Issue ID Printables,200,Thread Group 1-1,TRUE,118350,1,1,698,0,0,ubuntu
1444416198540,149,215 /resource/issues/099611DB-B084-5019-479181C73FD80744/printables-20150928141802.pdf,200,Thread Group 1-1,TRUE,1426230,1,1,6,0,0,ubuntu
1444416198540,149,215 /resource/issues/099611DB-B084-5019-479181C73FD80744/printables-20150928141802.pdf,200,Thread Group 1-1,TRUE,1426230,1,1,6,0,0,ubuntu
1444416198690,47,220 /Videos,200,Thread Group 1-1,TRUE,8462,1,1,46,0,0,ubuntu
1444416198737,46,221 /resource/templates/global/dynamic_css.cfm,200,Thread Group 1-1,TRUE,14260,1,1,46,0,0,ubuntu
1444416198784,46,222 /resource/scripts/activityMagazines.cfm,200,Thread Group 1-1,TRUE,32092,1,1,45,0,0,ubuntu
1444416198831,56,227 /ajax/videoArchive.cfc,200,Thread Group 1-1,TRUE,2048,1,1,56,0,0,ubuntu
1444416198888,187,225 /scholastic/prod/serverComponent.php,200,Thread Group 1-1,TRUE,577,1,1,187,0,0,ubuntu
1444416198690,382,220 /Videos,200,Thread Group 1-1,TRUE,57439,1,1,380,0,0,ubuntu
1444416199076,87,232 /tracker,200,Thread Group 1-1,TRUE,181,1,1,87,0,0,ubuntu
1444416199164,208,233 /tracker,200,Thread Group 1-1,TRUE,181,1,1,208,0,0,ubuntu
1444416199375,87,234 /tracker,200,Thread Group 1-1,TRUE,181,1,1,87,0,0,ubuntu
1444416199075,382,Video ID,200,Thread Group 1-1,TRUE,543,1,1,382,0,0,ubuntu
1444416199463,1,392 /b/ss/schopreprodmain/0/FAS-2.8.1-AS2/s84209887348115,Non HTTP response code: org.apache.http.NoHttpResponseException,Thread Group 1-1,FALSE,2068,1,1,0,0,0,ubuntu
1444416199465,701,393 /issues/10_12_15/Debate,200,Thread Group 1-1,TRUE,11533,1,1,701,0,0,ubuntu
1444416200170,7,400 /resource/templates/global/dynamic_css.cfm,200,Thread Group 1-1,TRUE,14260,1,1,7,0,0,ubuntu
1444416200179,52,415 /resource/scripts/activityMagazines.cfm,200,Thread Group 1-1,TRUE,32092,1,1,48,0,0,ubuntu
1444416200232,239,426 /scholastic/prod/serverComponent.php,200,Thread Group 1-1,TRUE,577,1,1,239,0,0,ubuntu
1444416199463,1000,Debate,,Thread Group 1-1,FALSE,60530,1,1,995,0,0,ubuntu
1444416200471,50,439 /,200,Thread Group 1-1,TRUE,13115,1,1,49,0,0,ubuntu
1444416200523,48,440 /resource/templates/global/dynamic_css.cfm,200,Thread Group 1-1,TRUE,14260,1,1,47,0,0,ubuntu
1444416200571,50,441 /resource/scripts/activityMagazines.cfm,200,Thread Group 1-1,TRUE,32092,1,1,46,0,0,ubuntu
1444416200622,47,448 /resource/uploads_upfront/Issues/101215/issue.json,200,Thread Group 1-1,TRUE,1105,1,1,47,0,0,ubuntu
1444416200670,179,446 /scholastic/prod/serverComponent.php,200,Thread Group 1-1,TRUE,577,1,1,179,0,0,ubuntu
1444416200471,374,Sign Out,200,Thread Group 1-1,TRUE,61149,1,1,368,0,0,ubuntu
1444416200851,938,1 /,200,Thread Group 1-1,TRUE,929290,1,1,4,0,0,ubuntu
1444416201792,182,63 /scholastic/prod/serverComponent.php,200,Thread Group 1-1,TRUE,577,1,1,182,0,0,ubuntu
1444416201976,4,76 /resource/uploads_upfront/Issues/101215/issue.json,200,Thread Group 1-1,TRUE,1105,1,1,4,0,0,ubuntu
1444416200851,1124,Home,200,Thread Group 1-1,TRUE,930972,1,1,190,0,0,ubuntu
1444416201981,21,179 /issues/vIssue,200,Thread Group 1-1,TRUE,9165,1,1,18,0,0,ubuntu
1444416202003,6,180 /resource/templates/global/dynamic_css.cfm,200,Thread Group 1-1,TRUE,14260,1,1,5,0,0,ubuntu
1444416202010,8,182 /resource/scripts/activityMagazines.cfm,200,Thread Group 1-1,TRUE,32092,1,1,6,0,0,ubuntu
1444416202019,180,185 /scholastic/prod/serverComponent.php,200,Thread Group 1-1,TRUE,577,1,1,180,0,0,ubuntu
1444416202200,164,188 /scholastic/prod/perf.rnc,204,Thread Group 1-1,TRUE,193,1,1,0,0,0,ubuntu
1444416202365,173,189 /scholastic/prod/TagAuditBeacon.rnc,204,Thread Group 1-1,TRUE,193,1,1,0,0,0,ubuntu
1444416201981,552,Issues ID,200,Thread Group 1-1,TRUE,56480,1,1,209,0,0,ubuntu
1444416202539,1797,155 /Issue-Archive,200,Thread Group 1-1,FALSE,756540,1,1,4,0,0,ubuntu
1444416204336,7,158 /resource/templates/global/dynamic_css.cfm,200,Thread Group 1-1,TRUE,14260,1,1,7,0,0,ubuntu
1444416204344,8,159 /resource/scripts/activityMagazines.cfm,200,Thread Group 1-1,TRUE,32092,1,1,3,0,0,ubuntu
1444416204352,181,165 /scholastic/prod/serverComponent.php,200,Thread Group 1-1,TRUE,577,1,1,181,0,0,ubuntu
1444416204533,5,169 /ajax/IssueArchive.cfc,200,Thread Group 1-1,TRUE,2943,1,1,5,0,0,ubuntu
1444416204539,4,168 /ajax/IssueYear.cfc,200,Thread Group 1-1,TRUE,1835,1,1,4,0,0,ubuntu
1444416202539,2002,Issue,,Thread Group 1-1,FALSE,808247,1,1,204,0,0,ubuntu
1444416204544,902,101 /cmp/upfront/sessions,200,Thread Group 1-1,TRUE,12005,1,1,411,0,0,ubuntu
1444416205446,63,103 /issues/10_12_15,200,Thread Group 1-1,TRUE,9148,1,1,63,0,0,ubuntu
1444416205510,48,104 /resource/templates/global/dynamic_css.cfm,200,Thread Group 1-1,TRUE,14260,1,1,46,0,0,ubuntu
1444416205559,59,105 /resource/scripts/activityMagazines.cfm,200,Thread Group 1-1,TRUE,32092,1,1,54,0,0,ubuntu
1444416205619,185,122 /scholastic/prod/serverComponent.php,200,Thread Group 1-1,TRUE,577,1,1,185,0,0,ubuntu
1444416205805,164,130 /scholastic/prod/perf.rnc,204,Thread Group 1-1,TRUE,193,1,1,0,0,0,ubuntu
1444416205970,165,132 /scholastic/prod/TagAuditBeacon.rnc,204,Thread Group 1-1,TRUE,193,1,1,0,0,0,ubuntu
1444416204544,1586,Send User/Pass,200,Thread Group 1-1,TRUE,68468,1,1,759,0,0,ubuntu
1444416206144,3260,137 /Videos,200,Thread Group 1-1,TRUE,764047,1,1,46,0,0,ubuntu
1444416209406,50,138 /resource/templates/global/dynamic_css.cfm,200,Thread Group 1-1,TRUE,14260,1,1,50,0,0,ubuntu
1444416209457,49,139 /resource/scripts/activityMagazines.cfm,200,Thread Group 1-1,TRUE,32092,1,1,45,0,0,ubuntu
1444416209506,180,142 /scholastic/prod/serverComponent.php,200,Thread Group 1-1,TRUE,577,1,1,180,0,0,ubuntu
1444416209687,47,144 /ajax/videoArchive.cfc,200,Thread Group 1-1,TRUE,2048,1,1,47,0,0,ubuntu
1444416206144,3586,Videos,200,Thread Group 1-1,TRUE,813024,1,1,368,0,0,ubuntu
1444416209735,50,193 /issues/vIssue/Printables,200,Thread Group 1-1,TRUE,10770,1,1,49,0,0,ubuntu
1444416209785,48,194 /resource/templates/global/dynamic_css.cfm,200,Thread Group 1-1,TRUE,14260,1,1,48,0,0,ubuntu
1444416209834,51,195 /resource/scripts/activityMagazines.cfm,200,Thread Group 1-1,TRUE,32092,1,1,49,0,0,ubuntu
1444416209885,676,203 /resource/services/coverthumb.cfm,200,Thread Group 1-1,TRUE,80433,1,1,361,0,0,ubuntu
1444416210562,191,212 /scholastic/prod/serverComponent.php,200,Thread Group 1-1,TRUE,577,1,1,191,0,0,ubuntu
1444416209734,1016,Issue ID Printables,200,Thread Group 1-1,TRUE,138132,1,1,698,0,0,ubuntu
1444416210754,223,215 /resource/issues/099611DB-B084-5019-479181C73FD80744/printables-20150928141802.pdf,200,Thread Group 1-1,TRUE,1426230,1,1,12,0,0,ubuntu
1444416210754,223,215 /resource/issues/099611DB-B084-5019-479181C73FD80744/printables-20150928141802.pdf,200,Thread Group 1-1,TRUE,1426230,1,1,12,0,0,ubuntu
1444416210978,47,220 /Videos,200,Thread Group 1-1,TRUE,8462,1,1,47,0,0,ubuntu
1444416211026,71,221 /resource/templates/global/dynamic_css.cfm,200,Thread Group 1-1,TRUE,14260,1,1,71,0,0,ubuntu
1444416211102,49,222 /resource/scripts/activityMagazines.cfm,200,Thread Group 1-1,TRUE,32092,1,1,48,0,0,ubuntu
1444416211151,49,227 /ajax/videoArchive.cfc,200,Thread Group 1-1,TRUE,2048,1,1,49,0,0,ubuntu
1444416211202,168,225 /scholastic/prod/serverComponent.php,200,Thread Group 1-1,TRUE,577,1,1,168,0,0,ubuntu
1444416210978,384,220 /Videos,200,Thread Group 1-1,TRUE,57439,1,1,383,0,0,ubuntu
1444416211371,88,232 /tracker,200,Thread Group 1-1,TRUE,181,1,1,88,0,0,ubuntu
1444416211460,208,233 /tracker,200,Thread Group 1-1,TRUE,181,1,1,208,0,0,ubuntu
1444416211668,86,234 /tracker,200,Thread Group 1-1,TRUE,181,1,1,86,0,0,ubuntu
1444416211371,382,Video ID,200,Thread Group 1-1,TRUE,543,1,1,382,0,0,ubuntu
1444416211755,617,392 /b/ss/schopreprodmain/0/FAS-2.8.1-AS2/s84209887348115,200,Thread Group 1-1,TRUE,2260,1,1,367,0,0,ubuntu
1444416212374,692,393 /issues/10_12_15/Debate,200,Thread Group 1-1,TRUE,11533,1,1,692,0,0,ubuntu
1444416213071,9,400 /resource/templates/global/dynamic_css.cfm,200,Thread Group 1-1,TRUE,14260,1,1,8,0,0,ubuntu
1444416213080,49,415 /resource/scripts/activityMagazines.cfm,200,Thread Group 1-1,TRUE,32092,1,1,48,0,0,ubuntu
1444416213130,186,426 /scholastic/prod/serverComponent.php,200,Thread Group 1-1,TRUE,577,1,1,186,0,0,ubuntu
1444416211754,1553,Debate,200,Thread Group 1-1,TRUE,60722,1,1,1301,0,0,ubuntu
1444416213317,49,439 /,200,Thread Group 1-1,TRUE,13115,1,1,48,0,0,ubuntu
1444416213367,50,440 /resource/templates/global/dynamic_css.cfm,200,Thread Group 1-1,TRUE,14260,1,1,50,0,0,ubuntu
1444416213418,48,441 /resource/scripts/activityMagazines.cfm,200,Thread Group 1-1,TRUE,32092,1,1,45,0,0,ubuntu
1444416213467,47,448 /resource/uploads_upfront/Issues/101215/issue.json,200,Thread Group 1-1,TRUE,1105,1,1,47,0,0,ubuntu
1444416213516,180,446 /scholastic/prod/serverComponent.php,200,Thread Group 1-1,TRUE,577,1,1,180,0,0,ubuntu
1444416213317,374,Sign Out,200,Thread Group 1-1,TRUE,61149,1,1,370,0,0,ubuntu
1444416213697,722,1 /,200,Thread Group 1-1,TRUE,929290,1,1,4,0,0,ubuntu
1444416214436,182,63 /scholastic/prod/serverComponent.php,200,Thread Group 1-1,TRUE,577,1,1,182,0,0,ubuntu
1444416214618,11,76 /resource/uploads_upfront/Issues/101215/issue.json,200,Thread Group 1-1,TRUE,1105,1,1,11,0,0,ubuntu
1444416213697,915,Home,200,Thread Group 1-1,TRUE,930972,1,1,197,0,0,ubuntu
1444416214629,6,179 /issues/vIssue,200,Thread Group 1-1,TRUE,9179,1,1,6,0,0,ubuntu
1444416214635,7,180 /resource/templates/global/dynamic_css.cfm,200,Thread Group 1-1,TRUE,14260,1,1,6,0,0,ubuntu
1444416214643,8,182 /resource/scripts/activityMagazines.cfm,200,Thread Group 1-1,TRUE,32092,1,1,3,0,0,ubuntu
1444416214653,182,185 /scholastic/prod/serverComponent.php,200,Thread Group 1-1,TRUE,577,1,1,182,0,0,ubuntu
1444416214836,165,188 /scholastic/prod/perf.rnc,204,Thread Group 1-1,TRUE,193,1,1,0,0,0,ubuntu
1444416215001,166,189 /scholastic/prod/TagAuditBeacon.rnc,204,Thread Group 1-1,TRUE,193,1,1,0,0,0,ubuntu
1444416214629,534,Issues ID,200,Thread Group 1-1,TRUE,56494,1,1,197,0,0,ubuntu
1444416215168,1372,155 /Issue-Archive,200,Thread Group 1-1,FALSE,756540,1,1,7,0,0,ubuntu
1444416216541,7,158 /resource/templates/global/dynamic_css.cfm,200,Thread Group 1-1,TRUE,14260,1,1,3,0,0,ubuntu
1444416216549,8,159 /resource/scripts/activityMagazines.cfm,200,Thread Group 1-1,TRUE,32092,1,1,4,0,0,ubuntu
1444416216558,184,165 /scholastic/prod/serverComponent.php,200,Thread Group 1-1,TRUE,577,1,1,184,0,0,ubuntu
1444416216745,5,169 /ajax/IssueArchive.cfc,200,Thread Group 1-1,TRUE,2943,1,1,4,0,0,ubuntu
1444416216752,8,168 /ajax/IssueYear.cfc,200,Thread Group 1-1,TRUE,1835,1,1,8,0,0,ubuntu
1444416215167,1584,Issue,,Thread Group 1-1,FALSE,808247,1,1,210,0,0,ubuntu
1444416216761,742,101 /cmp/upfront/sessions,200,Thread Group 1-1,TRUE,12005,1,1,423,0,0,ubuntu
1444416217504,48,103 /issues/10_12_15,200,Thread Group 1-1,TRUE,9148,1,1,48,0,0,ubuntu
1444416217553,49,104 /resource/templates/global/dynamic_css.cfm,200,Thread Group 1-1,TRUE,14260,1,1,49,0,0,ubuntu
1444416217607,50,105 /resource/scripts/activityMagazines.cfm,200,Thread Group 1-1,TRUE,32092,1,1,46,0,0,ubuntu
1444416217658,201,122 /scholastic/prod/serverComponent.php,200,Thread Group 1-1,TRUE,577,1,1,201,0,0,ubuntu
1444416217860,169,130 /scholastic/prod/perf.rnc,204,Thread Group 1-1,TRUE,193,1,1,0,0,0,ubuntu
1444416218029,165,132 /scholastic/prod/TagAuditBeacon.rnc,204,Thread Group 1-1,TRUE,193,1,1,0,0,0,ubuntu
1444416216761,1424,Send User/Pass,200,Thread Group 1-1,TRUE,68468,1,1,767,0,0,ubuntu
1444416218196,3273,137 /Videos,200,Thread Group 1-1,TRUE,764047,1,1,47,0,0,ubuntu
1444416221470,53,138 /resource/templates/global/dynamic_css.cfm,200,Thread Group 1-1,TRUE,14260,1,1,52,0,0,ubuntu
1444416221523,50,139 /resource/scripts/activityMagazines.cfm,200,Thread Group 1-1,TRUE,32092,1,1,47,0,0,ubuntu
1444416221576,180,142 /scholastic/prod/serverComponent.php,200,Thread Group 1-1,TRUE,577,1,1,180,0,0,ubuntu
1444416221757,47,144 /ajax/videoArchive.cfc,200,Thread Group 1-1,TRUE,2048,1,1,46,0,0,ubuntu
1444416218195,3603,Videos,200,Thread Group 1-1,TRUE,813024,1,1,372,0,0,ubuntu
1444416221804,48,193 /issues/vIssue/Printables,200,Thread Group 1-1,TRUE,10770,1,1,47,0,0,ubuntu
1444416221852,47,194 /resource/templates/global/dynamic_css.cfm,200,Thread Group 1-1,TRUE,14260,1,1,47,0,0,ubuntu
1444416221899,50,195 /resource/scripts/activityMagazines.cfm,200,Thread Group 1-1,TRUE,32092,1,1,47,0,0,ubuntu
1444416221950,548,203 /resource/services/coverthumb.cfm,200,Thread Group 1-1,TRUE,80433,1,1,264,0,0,ubuntu
1444416222499,195,212 /scholastic/prod/serverComponent.php,200,Thread Group 1-1,TRUE,577,1,1,195,0,0,ubuntu
1444416221804,888,Issue ID Printables,200,Thread Group 1-1,TRUE,138132,1,1,600,0,0,ubuntu
1444416222694,148,215 /resource/issues/099611DB-B084-5019-479181C73FD80744/printables-20150928141802.pdf,200,Thread Group 1-1,TRUE,1426230,1,1,9,0,0,ubuntu
1444416222694,148,215 /resource/issues/099611DB-B084-5019-479181C73FD80744/printables-20150928141802.pdf,200,Thread Group 1-1,TRUE,1426230,1,1,9,0,0,ubuntu
1444416222842,55,220 /Videos,200,Thread Group 1-1,TRUE,8462,1,1,55,0,0,ubuntu
1444416222898,46,221 /resource/templates/global/dynamic_css.cfm,200,Thread Group 1-1,TRUE,14260,1,1,45,0,0,ubuntu
1444416222945,49,222 /resource/scripts/activityMagazines.cfm,200,Thread Group 1-1,TRUE,32092,1,1,47,0,0,ubuntu
1444416222995,47,227 /ajax/videoArchive.cfc,200,Thread Group 1-1,TRUE,2048,1,1,47,0,0,ubuntu
1444416223043,184,225 /scholastic/prod/serverComponent.php,200,Thread Group 1-1,TRUE,577,1,1,184,0,0,ubuntu
1444416222842,381,220 /Videos,200,Thread Group 1-1,TRUE,57439,1,1,378,0,0,ubuntu
1444416223228,86,232 /tracker,200,Thread Group 1-1,TRUE,181,1,1,86,0,0,ubuntu
1444416223315,208,233 /tracker,200,Thread Group 1-1,TRUE,181,1,1,208,0,0,ubuntu
1444416223524,87,234 /tracker,200,Thread Group 1-1,TRUE,181,1,1,87,0,0,ubuntu
1444416223227,381,Video ID,200,Thread Group 1-1,TRUE,543,1,1,381,0,0,ubuntu
1444416223611,2,392 /b/ss/schopreprodmain/0/FAS-2.8.1-AS2/s84209887348115,Non HTTP response code: org.apache.http.NoHttpResponseException,Thread Group 1-1,FALSE,2068,1,1,0,0,0,ubuntu
1444416223614,690,393 /issues/10_12_15/Debate,200,Thread Group 1-1,TRUE,11533,1,1,689,0,0,ubuntu
1444416224307,8,400 /resource/templates/global/dynamic_css.cfm,200,Thread Group 1-1,TRUE,14260,1,1,8,0,0,ubuntu
1444416224315,48,415 /resource/scripts/activityMagazines.cfm,200,Thread Group 1-1,TRUE,32092,1,1,46,0,0,ubuntu
1444416224364,186,426 /scholastic/prod/serverComponent.php,200,Thread Group 1-1,TRUE,577,1,1,186,0,0,ubuntu
1444416223611,934,Debate,,Thread Group 1-1,FALSE,60530,1,1,929,0,0,ubuntu
1444416224551,48,439 /,200,Thread Group 1-1,TRUE,13115,1,1,47,0,0,ubuntu
1444416224600,46,440 /resource/templates/global/dynamic_css.cfm,200,Thread Group 1-1,TRUE,14260,1,1,46,0,0,ubuntu
1444416224647,50,441 /resource/scripts/activityMagazines.cfm,200,Thread Group 1-1,TRUE,32092,1,1,46,0,0,ubuntu
1444416224698,47,448 /resource/uploads_upfront/Issues/101215/issue.json,200,Thread Group 1-1,TRUE,1105,1,1,46,0,0,ubuntu
1444416224745,180,446 /scholastic/prod/serverComponent.php,200,Thread Group 1-1,TRUE,577,1,1,180,0,0,ubuntu
1444416224550,371,Sign Out,200,Thread Group 1-1,TRUE,61149,1,1,365,0,0,ubuntu
1444416224926,592,1 /,200,Thread Group 1-1,TRUE,929290,1,1,5,0,0,ubuntu
1444416225526,185,63 /scholastic/prod/serverComponent.php,200,Thread Group 1-1,TRUE,577,1,1,185,0,0,ubuntu
1444416225711,5,76 /resource/uploads_upfront/Issues/101215/issue.json,200,Thread Group 1-1,TRUE,1105,1,1,5,0,0,ubuntu
1444416224926,782,Home,200,Thread Group 1-1,TRUE,930972,1,1,195,0,0,ubuntu
1444416225716,4,179 /issues/vIssue,200,Thread Group 1-1,TRUE,9179,1,1,3,0,0,ubuntu
1444416225720,6,180 /resource/templates/global/dynamic_css.cfm,200,Thread Group 1-1,TRUE,14260,1,1,6,0,0,ubuntu
1444416225727,6,182 /resource/scripts/activityMagazines.cfm,200,Thread Group 1-1,TRUE,32092,1,1,4,0,0,ubuntu
1444416225733,195,185 /scholastic/prod/serverComponent.php,200,Thread Group 1-1,TRUE,577,1,1,195,0,0,ubuntu
1444416225928,174,188 /scholastic/prod/perf.rnc,204,Thread Group 1-1,TRUE,193,1,1,0,0,0,ubuntu
1444416226104,167,189 /scholastic/prod/TagAuditBeacon.rnc,204,Thread Group 1-1,TRUE,193,1,1,0,0,0,ubuntu
1444416225716,552,Issues ID,200,Thread Group 1-1,TRUE,56494,1,1,208,0,0,ubuntu
1444416226271,1704,155 /Issue-Archive,200,Thread Group 1-1,FALSE,756540,1,1,5,0,0,ubuntu
1444416227976,5,158 /resource/templates/global/dynamic_css.cfm,200,Thread Group 1-1,TRUE,14260,1,1,5,0,0,ubuntu
1444416227982,8,159 /resource/scripts/activityMagazines.cfm,200,Thread Group 1-1,TRUE,32092,1,1,4,0,0,ubuntu
1444416227990,196,165 /scholastic/prod/serverComponent.php,200,Thread Group 1-1,TRUE,577,1,1,196,0,0,ubuntu
1444416228186,4,169 /ajax/IssueArchive.cfc,200,Thread Group 1-1,TRUE,2943,1,1,4,0,0,ubuntu
1444416228191,4,168 /ajax/IssueYear.cfc,200,Thread Group 1-1,TRUE,1835,1,1,4,0,0,ubuntu
1444416226271,1921,Issue,,Thread Group 1-1,FALSE,808247,1,1,218,0,0,ubuntu
1444416228195,891,101 /cmp/upfront/sessions,200,Thread Group 1-1,TRUE,12005,1,1,427,0,0,ubuntu
1444416229087,48,103 /issues/10_12_15,200,Thread Group 1-1,TRUE,9148,1,1,47,0,0,ubuntu
1444416229137,46,104 /resource/templates/global/dynamic_css.cfm,200,Thread Group 1-1,TRUE,14260,1,1,46,0,0,ubuntu
1444416229184,48,105 /resource/scripts/activityMagazines.cfm,200,Thread Group 1-1,TRUE,32092,1,1,45,0,0,ubuntu
1444416229232,190,122 /scholastic/prod/serverComponent.php,200,Thread Group 1-1,TRUE,596,1,1,190,0,0,ubuntu
1444416229423,166,130 /scholastic/prod/perf.rnc,204,Thread Group 1-1,TRUE,193,1,1,0,0,0,ubuntu
1444416229590,166,132 /scholastic/prod/TagAuditBeacon.rnc,204,Thread Group 1-1,TRUE,193,1,1,0,0,0,ubuntu
1444416228195,1555,Send User/Pass,200,Thread Group 1-1,TRUE,68487,1,1,755,0,0,ubuntu
1444416229757,3624,137 /Videos,200,Thread Group 1-1,TRUE,764047,1,1,45,0,0,ubuntu
1444416233392,47,138 /resource/templates/global/dynamic_css.cfm,200,Thread Group 1-1,TRUE,14260,1,1,46,0,0,ubuntu
1444416233439,51,139 /resource/scripts/activityMagazines.cfm,200,Thread Group 1-1,TRUE,32092,1,1,47,0,0,ubuntu
1444416233491,187,142 /scholastic/prod/serverComponent.php,200,Thread Group 1-1,TRUE,577,1,1,187,0,0,ubuntu
1444416233678,47,144 /ajax/videoArchive.cfc,200,Thread Group 1-1,TRUE,2048,1,1,47,0,0,ubuntu
1444416229756,3956,Videos,200,Thread Group 1-1,TRUE,813024,1,1,372,0,0,ubuntu
1444416233725,54,193 /issues/vIssue/Printables,200,Thread Group 1-1,TRUE,10953,1,1,53,0,0,ubuntu
1444416233780,46,194 /resource/templates/global/dynamic_css.cfm,200,Thread Group 1-1,TRUE,14260,1,1,45,0,0,ubuntu
1444416233826,47,195 /resource/scripts/activityMagazines.cfm,200,Thread Group 1-1,TRUE,32092,1,1,46,0,0,ubuntu
1444416233873,454,203 /resource/services/coverthumb.cfm,200,Thread Group 1-1,TRUE,50432,1,1,333,0,0,ubuntu
1444416234328,181,212 /scholastic/prod/serverComponent.php,200,Thread Group 1-1,TRUE,577,1,1,181,0,0,ubuntu
1444416233725,782,Issue ID Printables,200,Thread Group 1-1,TRUE,108314,1,1,658,0,0,ubuntu
1444416234523,145,215 /resource/issues/099611DB-B084-5019-479181C73FD80744/printables-20150928141802.pdf,200,Thread Group 1-1,TRUE,1426230,1,1,8,0,0,ubuntu
1444416234510,145,215 /resource/issues/099611DB-B084-5019-479181C73FD80744/printables-20150928141802.pdf,200,Thread Group 1-1,TRUE,1426230,1,1,8,0,0,ubuntu
1444416234669,45,220 /Videos,200,Thread Group 1-1,TRUE,8462,1,1,45,0,0,ubuntu
1444416234715,46,221 /resource/templates/global/dynamic_css.cfm,200,Thread Group 1-1,TRUE,14260,1,1,46,0,0,ubuntu
1444416234762,50,222 /resource/scripts/activityMagazines.cfm,200,Thread Group 1-1,TRUE,32092,1,1,46,0,0,ubuntu
1444416234813,46,227 /ajax/videoArchive.cfc,200,Thread Group 1-1,TRUE,2048,1,1,46,0,0,ubuntu
1444416234860,185,225 /scholastic/prod/serverComponent.php,200,Thread Group 1-1,TRUE,577,1,1,185,0,0,ubuntu
1444416234668,372,220 /Videos,200,Thread Group 1-1,TRUE,57439,1,1,368,0,0,ubuntu
1444416235046,84,232 /tracker,200,Thread Group 1-1,TRUE,181,1,1,84,0,0,ubuntu
1444416235131,205,233 /tracker,200,Thread Group 1-1,TRUE,181,1,1,205,0,0,ubuntu
1444416235337,86,234 /tracker,200,Thread Group 1-1,TRUE,181,1,1,86,0,0,ubuntu
1444416235046,375,Video ID,200,Thread Group 1-1,TRUE,543,1,1,375,0,0,ubuntu
1444416235425,624,392 /b/ss/schopreprodmain/0/FAS-2.8.1-AS2/s84209887348115,200,Thread Group 1-1,TRUE,2260,1,1,374,0,0,ubuntu
1444416236051,391,393 /issues/10_12_15/Debate,200,Thread Group 1-1,TRUE,11533,1,1,390,0,0,ubuntu
1444416236445,8,400 /resource/templates/global/dynamic_css.cfm,200,Thread Group 1-1,TRUE,14260,1,1,7,0,0,ubuntu
1444416236453,50,415 /resource/scripts/activityMagazines.cfm,200,Thread Group 1-1,TRUE,32092,1,1,47,0,0,ubuntu
1444416236503,212,426 /scholastic/prod/serverComponent.php,200,Thread Group 1-1,TRUE,577,1,1,212,0,0,ubuntu
1444416235424,1285,Debate,200,Thread Group 1-1,TRUE,60722,1,1,1030,0,0,ubuntu
1444416236716,48,439 /,200,Thread Group 1-1,TRUE,13115,1,1,46,0,0,ubuntu
1444416236764,47,440 /resource/templates/global/dynamic_css.cfm,200,Thread Group 1-1,TRUE,14260,1,1,46,0,0,ubuntu
1444416236811,53,441 /resource/scripts/activityMagazines.cfm,200,Thread Group 1-1,TRUE,32092,1,1,48,0,0,ubuntu
1444416236865,46,448 /resource/uploads_upfront/Issues/101215/issue.json,200,Thread Group 1-1,TRUE,1105,1,1,46,0,0,ubuntu
1444416236912,165,446 /scholastic/prod/serverComponent.php,200,Thread Group 1-1,TRUE,577,1,1,165,0,0,ubuntu
1444416236715,359,Sign Out,200,Thread Group 1-1,TRUE,61149,1,1,351,0,0,ubuntu
1444416237078,918,1 /,200,Thread Group 1-1,TRUE,929290,1,1,4,0,0,ubuntu
1444416238001,213,63 /scholastic/prod/serverComponent.php,200,Thread Group 1-1,TRUE,577,1,1,213,0,0,ubuntu
1444416238214,5,76 /resource/uploads_upfront/Issues/101215/issue.json,200,Thread Group 1-1,TRUE,1105,1,1,5,0,0,ubuntu
1444416237078,1136,Home,200,Thread Group 1-1,TRUE,930972,1,1,222,0,0,ubuntu
1444416238219,12,179 /issues/vIssue,200,Thread Group 1-1,TRUE,9160,1,1,11,0,0,ubuntu
1444416238231,6,180 /resource/templates/global/dynamic_css.cfm,200,Thread Group 1-1,TRUE,14260,1,1,6,0,0,ubuntu
1444416238238,7,182 /resource/scripts/activityMagazines.cfm,200,Thread Group 1-1,TRUE,32092,1,1,4,0,0,ubuntu
1444416238246,192,185 /scholastic/prod/serverComponent.php,200,Thread Group 1-1,TRUE,596,1,1,192,0,0,ubuntu
1444416238438,168,188 /scholastic/prod/perf.rnc,204,Thread Group 1-1,TRUE,193,1,1,0,0,0,ubuntu
1444416238607,167,189 /scholastic/prod/TagAuditBeacon.rnc,204,Thread Group 1-1,TRUE,193,1,1,0,0,0,ubuntu
1444416238219,552,Issues ID,200,Thread Group 1-1,TRUE,56494,1,1,213,0,0,ubuntu
1444416238776,1256,155 /Issue-Archive,200,Thread Group 1-1,FALSE,756540,1,1,3,0,0,ubuntu
1444416240034,4,158 /resource/templates/global/dynamic_css.cfm,200,Thread Group 1-1,TRUE,14260,1,1,4,0,0,ubuntu
1444416240039,6,159 /resource/scripts/activityMagazines.cfm,200,Thread Group 1-1,TRUE,32092,1,1,3,0,0,ubuntu
1444416240045,198,165 /scholastic/prod/serverComponent.php,200,Thread Group 1-1,TRUE,577,1,1,198,0,0,ubuntu
1444416240243,3,169 /ajax/IssueArchive.cfc,200,Thread Group 1-1,TRUE,2943,1,1,3,0,0,ubuntu
1444416240248,4,168 /ajax/IssueYear.cfc,200,Thread Group 1-1,TRUE,1835,1,1,4,0,0,ubuntu
1444416238775,1471,Issue,,Thread Group 1-1,FALSE,808247,1,1,215,0,0,ubuntu
1444416240253,984,101 /cmp/upfront/sessions,200,Thread Group 1-1,TRUE,12005,1,1,435,0,0,ubuntu
1444416241237,46,103 /issues/10_12_15,200,Thread Group 1-1,TRUE,9148,1,1,46,0,0,ubuntu
1444416241284,45,104 /resource/templates/global/dynamic_css.cfm,200,Thread Group 1-1,TRUE,14260,1,1,45,0,0,ubuntu
1444416241330,48,105 /resource/scripts/activityMagazines.cfm,200,Thread Group 1-1,TRUE,32092,1,1,46,0,0,ubuntu
1444416241379,184,122 /scholastic/prod/serverComponent.php,200,Thread Group 1-1,TRUE,596,1,1,184,0,0,ubuntu
1444416241564,204,130 /scholastic/prod/perf.rnc,204,Thread Group 1-1,TRUE,193,1,1,0,0,0,ubuntu
1444416241769,166,132 /scholastic/prod/TagAuditBeacon.rnc,204,Thread Group 1-1,TRUE,193,1,1,0,0,0,ubuntu
1444416240253,1677,Send User/Pass,200,Thread Group 1-1,TRUE,68487,1,1,756,0,0,ubuntu
1444416241936,3248,137 /Videos,200,Thread Group 1-1,TRUE,764047,1,1,46,0,0,ubuntu
1444416245185,47,138 /resource/templates/global/dynamic_css.cfm,200,Thread Group 1-1,TRUE,14260,1,1,45,0,0,ubuntu
1444416245232,51,139 /resource/scripts/activityMagazines.cfm,200,Thread Group 1-1,TRUE,32092,1,1,47,0,0,ubuntu
1444416245284,180,142 /scholastic/prod/serverComponent.php,200,Thread Group 1-1,TRUE,577,1,1,180,0,0,ubuntu
1444416245465,47,144 /ajax/videoArchive.cfc,200,Thread Group 1-1,TRUE,2048,1,1,47,0,0,ubuntu
1444416241935,3573,Videos,200,Thread Group 1-1,TRUE,813024,1,1,365,0,0,ubuntu
1444416245513,47,193 /issues/vIssue/Printables,200,Thread Group 1-1,TRUE,8793,1,1,46,0,0,ubuntu
1444416245560,47,194 /resource/templates/global/dynamic_css.cfm,200,Thread Group 1-1,TRUE,14260,1,1,46,0,0,ubuntu
1444416245608,48,195 /resource/scripts/activityMagazines.cfm,200,Thread Group 1-1,TRUE,32092,1,1,46,0,0,ubuntu
1444416245657,423,203 /resource/services/coverthumb.cfm,200,Thread Group 1-1,TRUE,49521,1,1,250,0,0,ubuntu
1444416246081,232,212 /scholastic/prod/serverComponent.php,200,Thread Group 1-1,TRUE,577,1,1,232,0,0,ubuntu
1444416245513,797,Issue ID Printables,200,Thread Group 1-1,TRUE,105243,1,1,620,0,0,ubuntu
1444416246314,143,215 /resource/issues/099611DB-B084-5019-479181C73FD80744/printables-20150928141802.pdf,200,Thread Group 1-1,TRUE,1426230,1,1,7,0,0,ubuntu
1444416246313,143,215 /resource/issues/099611DB-B084-5019-479181C73FD80744/printables-20150928141802.pdf,200,Thread Group 1-1,TRUE,1426230,1,1,7,0,0,ubuntu
1444416246458,45,220 /Videos,200,Thread Group 1-1,TRUE,8462,1,1,44,0,0,ubuntu
1444416246503,47,221 /resource/templates/global/dynamic_css.cfm,200,Thread Group 1-1,TRUE,14260,1,1,47,0,0,ubuntu
1444416246551,48,222 /resource/scripts/activityMagazines.cfm,200,Thread Group 1-1,TRUE,32092,1,1,45,0,0,ubuntu
1444416246600,46,227 /ajax/videoArchive.cfc,200,Thread Group 1-1,TRUE,2048,1,1,46,0,0,ubuntu
1444416246647,182,225 /scholastic/prod/serverComponent.php,200,Thread Group 1-1,TRUE,577,1,1,182,0,0,ubuntu
1444416246457,368,220 /Videos,200,Thread Group 1-1,TRUE,57439,1,1,364,0,0,ubuntu
1444416246830,84,232 /tracker,200,Thread Group 1-1,TRUE,181,1,1,84,0,0,ubuntu
1444416246914,207,233 /tracker,200,Thread Group 1-1,TRUE,181,1,1,207,0,0,ubuntu
1444416247122,86,234 /tracker,200,Thread Group 1-1,TRUE,181,1,1,86,0,0,ubuntu
1444416246829,377,Video ID,200,Thread Group 1-1,TRUE,543,1,1,377,0,0,ubuntu
1444416247210,1,392 /b/ss/schopreprodmain/0/FAS-2.8.1-AS2/s84209887348115,Non HTTP response code: org.apache.http.NoHttpResponseException,Thread Group 1-1,FALSE,2068,1,1,0,0,0,ubuntu
1444416247212,779,393 /issues/10_12_15/Debate,200,Thread Group 1-1,TRUE,11533,1,1,779,0,0,ubuntu
1444416248015,13,400 /resource/templates/global/dynamic_css.cfm,200,Thread Group 1-1,TRUE,14260,1,1,13,0,0,ubuntu
1444416248029,48,415 /resource/scripts/activityMagazines.cfm,200,Thread Group 1-1,TRUE,32092,1,1,45,0,0,ubuntu
1444416248078,184,426 /scholastic/prod/serverComponent.php,200,Thread Group 1-1,TRUE,577,1,1,184,0,0,ubuntu
1444416247209,1025,Debate,,Thread Group 1-1,FALSE,60530,1,1,1021,0,0,ubuntu
1444416248263,45,439 /,200,Thread Group 1-1,TRUE,13115,1,1,44,0,0,ubuntu
1444416248308,46,440 /resource/templates/global/dynamic_css.cfm,200,Thread Group 1-1,TRUE,14260,1,1,46,0,0,ubuntu
1444416248355,49,441 /resource/scripts/activityMagazines.cfm,200,Thread Group 1-1,TRUE,32092,1,1,47,0,0,ubuntu
1444416248405,48,448 /resource/uploads_upfront/Issues/101215/issue.json,200,Thread Group 1-1,TRUE,1105,1,1,48,0,0,ubuntu
1444416248454,190,446 /scholastic/prod/serverComponent.php,200,Thread Group 1-1,TRUE,596,1,1,190,0,0,ubuntu
1444416248262,378,Sign Out,200,Thread Group 1-1,TRUE,61168,1,1,375,0,0,ubuntu
1444416248645,692,1 /,200,Thread Group 1-1,TRUE,929290,1,1,4,0,0,ubuntu
1444416249377,184,63 /scholastic/prod/serverComponent.php,200,Thread Group 1-1,TRUE,596,1,1,184,0,0,ubuntu
1444416249562,4,76 /resource/uploads_upfront/Issues/101215/issue.json,200,Thread Group 1-1,TRUE,1105,1,1,4,0,0,ubuntu
1444416248645,880,Home,200,Thread Group 1-1,TRUE,930991,1,1,192,0,0,ubuntu
1444416249566,5,179 /issues/vIssue,200,Thread Group 1-1,TRUE,9159,1,1,4,0,0,ubuntu
1444416249571,7,180 /resource/templates/global/dynamic_css.cfm,200,Thread Group 1-1,TRUE,14260,1,1,7,0,0,ubuntu
1444416249579,7,182 /resource/scripts/activityMagazines.cfm,200,Thread Group 1-1,TRUE,32092,1,1,5,0,0,ubuntu
1444416249587,234,185 /scholastic/prod/serverComponent.php,200,Thread Group 1-1,TRUE,577,1,1,234,0,0,ubuntu
1444416249822,164,188 /scholastic/prod/perf.rnc,204,Thread Group 1-1,TRUE,193,1,1,0,0,0,ubuntu
1444416249986,166,189 /scholastic/prod/TagAuditBeacon.rnc,204,Thread Group 1-1,TRUE,193,1,1,0,0,0,ubuntu
1444416249566,583,Issues ID,200,Thread Group 1-1,TRUE,56474,1,1,250,0,0,ubuntu
1444416250152,1488,155 /Issue-Archive,200,Thread Group 1-1,FALSE,756540,1,1,3,0,0,ubuntu
1444416251641,4,158 /resource/templates/global/dynamic_css.cfm,200,Thread Group 1-1,TRUE,14260,1,1,4,0,0,ubuntu
1444416251648,8,159 /resource/scripts/activityMagazines.cfm,200,Thread Group 1-1,TRUE,32092,1,1,6,0,0,ubuntu
1444416251656,186,165 /scholastic/prod/serverComponent.php,200,Thread Group 1-1,TRUE,577,1,1,186,0,0,ubuntu
1444416251842,5,169 /ajax/IssueArchive.cfc,200,Thread Group 1-1,TRUE,2943,1,1,5,0,0,ubuntu
1444416251848,3,168 /ajax/IssueYear.cfc,200,Thread Group 1-1,TRUE,1835,1,1,3,0,0,ubuntu
1444416250152,1694,Issue,,Thread Group 1-1,FALSE,808247,1,1,207,0,0,ubuntu
1444416251852,799,101 /cmp/upfront/sessions,200,Thread Group 1-1,TRUE,12005,1,1,423,0,0,ubuntu
1444416252651,46,103 /issues/10_12_15,200,Thread Group 1-1,TRUE,9148,1,1,46,0,0,ubuntu
1444416252698,46,104 /resource/templates/global/dynamic_css.cfm,200,Thread Group 1-1,TRUE,14260,1,1,45,0,0,ubuntu
1444416252744,48,105 /resource/scripts/activityMagazines.cfm,200,Thread Group 1-1,TRUE,32092,1,1,46,0,0,ubuntu
1444416252795,196,122 /scholastic/prod/serverComponent.php,200,Thread Group 1-1,TRUE,577,1,1,196,0,0,ubuntu
1444416252991,171,130 /scholastic/prod/perf.rnc,204,Thread Group 1-1,TRUE,193,1,1,0,0,0,ubuntu
1444416253163,164,132 /scholastic/prod/TagAuditBeacon.rnc,204,Thread Group 1-1,TRUE,193,1,1,0,0,0,ubuntu
1444416251852,1470,Send User/Pass,200,Thread Group 1-1,TRUE,68468,1,1,756,0,0,ubuntu
1444416253327,3231,137 /Videos,200,Thread Group 1-1,TRUE,764047,1,1,46,0,0,ubuntu
1444416256559,45,138 /resource/templates/global/dynamic_css.cfm,200,Thread Group 1-1,TRUE,14260,1,1,45,0,0,ubuntu
1444416256605,48,139 /resource/scripts/activityMagazines.cfm,200,Thread Group 1-1,TRUE,32092,1,1,46,0,0,ubuntu
1444416256653,188,142 /scholastic/prod/serverComponent.php,200,Thread Group 1-1,TRUE,577,1,1,188,0,0,ubuntu
1444416256842,45,144 /ajax/videoArchive.cfc,200,Thread Group 1-1,TRUE,2048,1,1,45,0,0,ubuntu
1444416253327,3557,Videos,200,Thread Group 1-1,TRUE,813024,1,1,370,0,0,ubuntu
1444416256887,54,193 /issues/vIssue/Printables,200,Thread Group 1-1,TRUE,10106,1,1,54,0,0,ubuntu
1444416256942,47,194 /resource/templates/global/dynamic_css.cfm,200,Thread Group 1-1,TRUE,14260,1,1,46,0,0,ubuntu
1444416256990,49,195 /resource/scripts/activityMagazines.cfm,200,Thread Group 1-1,TRUE,32092,1,1,45,0,0,ubuntu
1444416257041,565,203 /resource/services/coverthumb.cfm,200,Thread Group 1-1,TRUE,47703,1,1,394,0,0,ubuntu
1444416257606,179,212 /scholastic/prod/serverComponent.php,200,Thread Group 1-1,TRUE,577,1,1,179,0,0,ubuntu
1444416256887,894,Issue ID Printables,200,Thread Group 1-1,TRUE,104738,1,1,718,0,0,ubuntu
1444416257786,148,215 /resource/issues/099611DB-B084-5019-479181C73FD80744/printables-20150928141802.pdf,200,Thread Group 1-1,TRUE,1426230,1,1,6,0,0,ubuntu
1444416257786,148,215 /resource/issues/099611DB-B084-5019-479181C73FD80744/printables-20150928141802.pdf,200,Thread Group 1-1,TRUE,1426230,1,1,6,0,0,ubuntu
1444416257934,46,220 /Videos,200,Thread Group 1-1,TRUE,8462,1,1,46,0,0,ubuntu
1444416257981,45,221 /resource/templates/global/dynamic_css.cfm,200,Thread Group 1-1,TRUE,14260,1,1,44,0,0,ubuntu
1444416258037,47,222 /resource/scripts/activityMagazines.cfm,200,Thread Group 1-1,TRUE,32092,1,1,45,0,0,ubuntu
1444416258084,47,227 /ajax/videoArchive.cfc,200,Thread Group 1-1,TRUE,2048,1,1,47,0,0,ubuntu
1444416258132,183,225 /scholastic/prod/serverComponent.php,200,Thread Group 1-1,TRUE,577,1,1,183,0,0,ubuntu
1444416257934,368,220 /Videos,200,Thread Group 1-1,TRUE,57439,1,1,365,0,0,ubuntu
1444416258316,84,232 /tracker,200,Thread Group 1-1,TRUE,181,1,1,84,0,0,ubuntu
1444416258401,205,233 /tracker,200,Thread Group 1-1,TRUE,181,1,1,205,0,0,ubuntu
1444416258606,84,234 /tracker,200,Thread Group 1-1,TRUE,181,1,1,84,0,0,ubuntu
1444416258315,373,Video ID,200,Thread Group 1-1,TRUE,543,1,1,373,0,0,ubuntu
1444416258693,619,392 /b/ss/schopreprodmain/0/FAS-2.8.1-AS2/s84209887348115,200,Thread Group 1-1,TRUE,2260,1,1,366,0,0,ubuntu
1444416259314,927,393 /issues/10_12_15/Debate,200,Thread Group 1-1,TRUE,11533,1,1,927,0,0,ubuntu
1444416260257,7,400 /resource/templates/global/dynamic_css.cfm,200,Thread Group 1-1,TRUE,14260,1,1,6,0,0,ubuntu
1444416260265,47,415 /resource/scripts/activityMagazines.cfm,200,Thread Group 1-1,TRUE,32092,1,1,44,0,0,ubuntu
1444416260313,201,426 /scholastic/prod/serverComponent.php,200,Thread Group 1-1,TRUE,577,1,1,201,0,0,ubuntu
1444416258690,1801,Debate,200,Thread Group 1-1,TRUE,60722,1,1,1544,0,0,ubuntu
1444416260514,45,439 /,200,Thread Group 1-1,TRUE,13115,1,1,45,0,0,ubuntu
1444416260560,47,440 /resource/templates/global/dynamic_css.cfm,200,Thread Group 1-1,TRUE,14260,1,1,47,0,0,ubuntu
1444416260608,47,441 /resource/scripts/activityMagazines.cfm,200,Thread Group 1-1,TRUE,32092,1,1,45,0,0,ubuntu
1444416260656,44,448 /resource/uploads_upfront/Issues/101215/issue.json,200,Thread Group 1-1,TRUE,1105,1,1,44,0,0,ubuntu
1444416260701,164,446 /scholastic/prod/serverComponent.php,200,Thread Group 1-1,TRUE,577,1,1,164,0,0,ubuntu
1444416260514,347,Sign Out,200,Thread Group 1-1,TRUE,61149,1,1,345,0,0,ubuntu